00	pip	af_nova	1.1	Nineteen pull requests. Four hours, forty-three minutes. Watch.
01	chonk	am_michael	0.95	PR one. The iPhone app. Feed, reels, ranking.
02	pip	af_nova	1.1	Then messages, notifications, and native reels.
03	chonk	am_michael	0.95	Stories! Comments! Like a real app.
04	pip	af_nova	1.1	Next, a server. Written in Rust. Obviously.
05	chonk	am_michael	0.95	Repost. Collab tardies. A share sheet.
06	pip	af_nova	1.1	Uh oh. Two videos playing at once.
07	chonk	am_michael	0.95	Bonk. Fixed.
08	pip	af_nova	1.1	Then six PRs in seventy-eight seconds.
09	chonk	am_michael	0.95	Tap-backs. Share to your agents. Video at its real shape.
10	pip	af_nova	1.1	It's pre-alpha. Stay tardy.
